{"stats":{"minecraft:picked_up":{"minecraft:feather":2,"minecraft:chicken":1,"minecraft:flower_pot":1,"minecraft:gravel":2,"minecraft:sand":5,"minecraft:flint":2,"minecraft:dirt":8,"minecraft:cactus":2,"minecraft:kelp":10,"minecraft:wheat_seeds":4,"minecraft:egg":1},"minecraft:mined":{"minecraft:cactus":1,"minecraft:tall_seagrass":1,"minecraft:kelp_plant":4,"minecraft:dandelion":1,"minecraft:potted_cactus":1,"minecraft:grass":35,"minecraft:grass_block":19,"minecraft:gravel":4,"minecraft:sand":7,"minecraft:dirt":1,"minecraft:tall_grass":6,"minecraft:kelp":4},"minecraft:killed":{"minecraft:zombie":1,"minecraft:chicken":1},"minecraft:custom":{"minecraft:time_since_rest":545,"minecraft:sprint_one_cm":20475,"minecraft:damage_taken":1380,"minecraft:walk_one_cm":20606,"minecraft:mob_kills":3,"minecraft:damage_dealt":434,"minecraft:swim_one_cm":4139,"minecraft:fly_one_cm":63680,"minecraft:open_barrel":2,"minecraft:open_chest":2,"minecraft:play_one_minute":22414,"minecraft:crouch_one_cm":587,"minecraft:deaths":6,"minecraft:sneak_time":296,"minecraft:walk_under_water_one_cm":2107,"minecraft:jump":419,"minecraft:leave_game":1,"minecraft:walk_on_water_one_cm":3036,"minecraft:time_since_death":509,"minecraft:fall_one_cm":18466},"minecraft:killed_by":{"minecraft:skeleton":1,"minecraft:zombie":3},"minecraft:used":{"minecraft:flower_pot":1,"minecraft:cactus":2,"minecraft:gravel":2,"minecraft:dirt":3,"minecraft:sand":5,"minecraft:egg":1}},"DataVersion":2586}